"identifiant";"titre";"titre_original";"reprise";"genre";"pays";"entrees";"rang"
18369;"303";NA;FALSE;"Drame";"Allemagne";2215;380
19640;"5 est le numéro parfait";"5 è il numero perfetto ";FALSE;"Thriller";"Italie";9572;362
18682;"90's";"Mid90s";FALSE;"Comédie dramatique";"Etats-Unis";123024;194
18825;"À cause des filles…?";NA;FALSE;"Comédie";"France";18327;352
19644;"À couteaux tirés (2019)";"Knives Out";FALSE;"Thriller";"Etats-Unis";1051181;47
19626;"Abominable";NA;FALSE;"Animation 3D";"Etats-Unis";1958194;25
19526;"Acusada";"Acusada ";FALSE;"Drame";"Argentine";17968;353
18696;"Ad Astra";NA;FALSE;"Science Fiction";"Etats-Unis";1039973;48
19731;"Adults in the Room";NA;FALSE;"Drame";"France";142118;185
19148;"After - Chapitre 1";"After";FALSE;"Romance";"Etats-Unis";1228756;42
19067;"Aïlo : une odyssée en Laponie";NA;FALSE;"Film familial";"France";124502;192
18171;"Aladdin (2019)";NA;FALSE;"Aventure - Action";"Etats-Unis";2509590;15
18752;"Alex, le destin d'un roi";"The Kid Who Would Be King";FALSE;"Fantasy";"Royaume-Uni";80902;250
19408;"Alice et le maire";NA;FALSE;"Comédie dramatique";"France";700885;76
18511;"Alita: Battle Angel";NA;FALSE;"Science Fiction";"Etats-Unis";2033168;22
18783;"All Inclusive";NA;FALSE;"Comédie";"France";814207;64
19321;"Amazing Grace - Aretha Franklin";"Amazing Grace (2019)";FALSE;"Documentaire";"Etats-Unis";34021;312
19376;"Amir et Mina : Les aventures du tapis volant";"Hodja fra Pjort ";FALSE;"Animation";"Danemark";83957;244
19534;"Andy";NA;FALSE;"Comédie";"France";26543;334
19284;"Angry Birds : Copains comme cochons";"The Angry Birds Movie 2";FALSE;"Animation 3D";"Etats-Unis";691339;78
19346;"Anna (2019)";NA;FALSE;"Thriller";"France";716779;73
19134;"Annabelle 3 - La Maison du Mal";"Annabelle Comes Home";FALSE;"Horreur";"Etats-Unis";951245;52
19757;"Apocalypse Now (Final Cut)";NA;TRUE;"Guerre";"Etats-Unis";31458;316
19059;"Apollo 11";NA;FALSE;"Documentaire";"Etats-Unis";8610;364
18633;"Apprentis parents";"Instant Family";FALSE;"Comédie";"Etats-Unis";114973;204
18792;"Arctic";NA;FALSE;"Aventure - Action";"Islande";49464;292
19388;"Ariol prend l’avion (et autres têtes en l’air)";NA;FALSE;"Animation";"France";28921;323
18900;"Asako I & II";"Netemo Sametemo ";FALSE;"Romance";"Japon";101529;220
18896;"Astrid";"Unga Astrid ";FALSE;"Drame";"Suède";29761;319
19627;"Atlantique";NA;FALSE;"Drame";"France";66671;263
19535;"Au nom de la terre";NA;FALSE;"Drame";"France";1975520;24
15189;"Avengers: Endgame";NA;FALSE;"Comicbook";"Etats-Unis";6942474;3
18915;"Ayka";NA;FALSE;"Drame";"Russie";13351;358
19628;"Bacurau";NA;FALSE;"Horreur";"Brésil";100583;223
19398;"Beaux-parents";NA;FALSE;"Comédie";"France";500113;96
18745;"Ben Is Back";"Ben is Back";FALSE;"Drame";"Etats-Unis";132013;189
19485;"Bharat";NA;FALSE;"Drame";"Inde";3972;372
18509;"Bienvenue à Marwen";"Welcome to Marwen";FALSE;"Drame";"Etats-Unis";118974;202
19788;"Bigil";NA;FALSE;"Aventure - Action";"Inde";333633;120
19833;"Black Christmas (2019)";NA;FALSE;"Thriller";"Etats-Unis";127536;191
18740;"Black Snake, la légende du serpent noir";NA;FALSE;"Comédie";"France";174422;173
19087;"Blanche comme Neige (2019)";NA;FALSE;"Comédie";"France";60023;277
19767;"Bonjour le Monde!";NA;FALSE;"Animation";"France";56042;281
18910;"Border";"Grans ";FALSE;"Fantasy";"Suède";89586;237
18667;"Boy Erased";NA;FALSE;"Drame";"Etats-Unis";60270;275
19371;"BrightBurn - L'enfant du mal";"Brightburn";FALSE;"Horreur";"Etats-Unis";166498;176
19643;"Brooklyn Affairs";"Motherless Brooklyn";FALSE;"Thriller";"Etats-Unis";373480;113
19141;"C'est ça l'amour";NA;FALSE;"Drame";"France";102934;217
19513;"C'est quoi cette mamie?!";NA;FALSE;"Comédie";"France";1179928;43
18172;"Ça Chapitre 2";"It: Chapter 2";FALSE;"Horreur";"Etats-Unis";1496163;34
19766;"Camille";NA;FALSE;"Drame";"France";60516;274
18914;"Capri-Revolution";NA;FALSE;"Drame";"Italie";848;386
18563;"Captain Marvel";NA;FALSE;"Comicbook";"Etats-Unis";3373086;8
18532;"Captive State";NA;FALSE;"Science Fiction";"Etats-Unis";112911;206
19653;"Cats";NA;FALSE;"Musical";"Etats-Unis";52505;284
18923;"Celle que vous croyez";NA;FALSE;"Drame";"France";219953;151
19600;"Ceux qui travaillent";NA;FALSE;"Drame";"France";177706;171
19699;"Chambord";NA;FALSE;"Documentaire";"France";24682;342
18934;"Chamboultout";NA;FALSE;"Comédie";"France";715266;74
19629;"Chambre 212";NA;FALSE;"Comédie dramatique";"France";380330;111
19690;"Chanson Douce";NA;FALSE;"Drame";"France";217224;152
19257;"Charlie's Angels (2019)";NA;FALSE;"Aventure - Action";"Etats-Unis";231718;147
19198;"Child's Play : La poupée du mal";"Child's Play (2019)";FALSE;"Horreur";"Etats-Unis";200093;161
18840;"Coeurs ennemis";"The Aftermath";FALSE;"Drame";"Etats-Unis";100816;221
19316;"Cold Blood Legacy - La mémoire du sang";NA;FALSE;"Aventure - Action";"France";111044;209
18512;"Colette";NA;FALSE;"Drame";"Etats-Unis";178845;170
18170;"Comme des bêtes 2";"The Secret Life of Pets 2";FALSE;"Animation 3D";"Etats-Unis";2271152;19
19417;"Comme si de rien n'était";"Alles ist gut";FALSE;"Drame";"Allemagne";25604;336
19112;"Compañeros";"La Noche de 12 años ";FALSE;"Aventure - Action";"Uruguay";60720;272
18824;"Continuer";NA;FALSE;"Drame";"France";44173;297
18933;"Convoi exceptionnel";NA;FALSE;"Comédie";"France";122801;196
19747;"Countdown (2019)";NA;FALSE;"Horreur";"Etats-Unis";410983;104
19368;"Crawl";NA;FALSE;"Horreur";"Etats-Unis";471851;100
18207;"Creed II";NA;FALSE;"Aventure - Action";"Etats-Unis";1733124;28
19959;"Dabangg 3";NA;FALSE;"Aventure - Action";"Inde";3827;375
18930;"Damien veut changer le monde";NA;FALSE;"Comédie";"France";113271;205
19749;"Demain est à nous";NA;FALSE;"Documentaire";"France";83201;247
18976;"Dernier amour";NA;FALSE;"Drame";"France";77111;254
18748;"Destroyer";NA;FALSE;"Thriller";"Etats-Unis";32246;315
18784;"Deux fils";NA;FALSE;"Comédie dramatique";"France";93711;232
19594;"Deux moi";NA;FALSE;"Comédie dramatique";"France";646443;81
19432;"Dieu existe, son nom est Petrunya";"Gospod postoi, imeto i' e Petrunija";FALSE;"Drame";"Macédoine";32870;314
19741;"Docteur ?";NA;FALSE;"Comédie";"France";775059;67
19638;"Doctor Sleep";NA;FALSE;"Thriller";"Etats-Unis";256531;141
19630;"Donne-moi des ailes";NA;FALSE;"Aventure - Action";"France";1436402;35
18318;"Dora et la Cité perdue";"Dora and the Lost City of Gold";FALSE;"Film familial";"Etats-Unis";534256;92
18765;"Doubles Vies";NA;FALSE;"Comédie";"France";151932;181
19010;"Douleur et gloire";"Dolor y Gloria ";FALSE;"Drame";"Espagne";800126;66
18862;"Downton Abbey";NA;FALSE;"Drame";"Royaume-Uni";742509;71
18903;"Dragon Ball Super: Broly";NA;FALSE;"Animation";"Japon";561924;90
18167;"Dragons 3 : Le monde caché";"How to Train Your Dragon: The Hidden World";FALSE;"Animation 3D";"Etats-Unis";3367445;9
18936;"Du miel plein la tête";"Head Full of Honey";FALSE;"Comédie dramatique";"Etats-Unis";17118;354
18168;"Dumbo (2019)";NA;FALSE;"Film familial";"Etats-Unis";2394304;17
18759;"Edmond";NA;FALSE;"Comédie dramatique";"France";694703;77
18712;"El Reino";"El Reino ";FALSE;"Thriller";"Espagne";245997;142
19938;"Emma Peeters";NA;FALSE;"Comédie dramatique";"Belgique";444;390
19093;"Eric Clapton: Life in 12 Bars";NA;FALSE;"Documentaire";"Royaume-Uni";29325;322
18867;"Escape Game";"Escape Room";FALSE;"Thriller";"Etats-Unis";858915;61
19932;"Et puis nous danserons";"And Then We Danced";FALSE;"Comédie dramatique";"Suède";26986;332
18726;"Euforia";NA;FALSE;"Drame";"Italie";20563;349
18975;"Exfiltrés";NA;FALSE;"Thriller";"France";39772;304
19580;"Fahim";NA;FALSE;"Drame";"France";216724;154
18257;"Fast & Furious : Hobbs & Shaw";"Fast & Furious Presents: Hobbs & Shaw";FALSE;"Aventure - Action";"Etats-Unis";2433635;16
19533;"Fête de famille";NA;FALSE;"Comédie dramatique";"France";326169;124
18760;"Forgiven";"The Forgiven";FALSE;"Drame";"Royaume-Uni";20666;348
19504;"Fourmi";NA;FALSE;"Comédie dramatique";"France";111778;208
19409;"Frankie (2019)";NA;FALSE;"Drame";"France";66775;262
19005;"Funan";NA;FALSE;"Animation";"France";19921;351
19334;"Gemini Man";NA;FALSE;"Science Fiction";"Etats-Unis";922507;55
18551;"Gentlemen cambrioleurs";"King of Thieves";FALSE;"Thriller";"Royaume-Uni";63854;266
19556;"Give Me Liberty";NA;FALSE;"Comédie";"Etats-Unis";53300;283
17542;"Glass";NA;FALSE;"Thriller";"Etats-Unis";1290067;39
19003;"Gloria Bell";NA;FALSE;"Drame";"Etats-Unis";121758;197
19780;"Gloria Mundi";NA;FALSE;"Drame";"France";327750;123
18319;"Godzilla II Roi des Monstres";"Godzilla: King of the Monsters";FALSE;"Science Fiction";"Etats-Unis";667899;80
19020;"Golden Glove";"Der goldene Handschuh ";FALSE;"Thriller";"Allemagne";7384;365
19568;"Good Boys";NA;FALSE;"Comédie";"Etats-Unis";123548;193
19993;"Good Newwz";NA;FALSE;"Comédie";"Inde";1671;381
18874;"Grâce à Dieu";NA;FALSE;"Drame";"France";915327;58
18367;"Green Book : Sur les routes du sud";"Green Book";FALSE;"Comédie dramatique";"Etats-Unis";2055324;21
18964;"Greta";NA;FALSE;"Thriller";"Etats-Unis";137278;187
18993;"Gully Boy";NA;FALSE;"Drame";"Inde";1423;384
18838;"Happy Birthdead 2 You";"Happy Death Day 2U";FALSE;"Horreur";"Etats-Unis";270392;136
18697;"Hellboy (2019)";NA;FALSE;"Comicbook";"Etats-Unis";232008;146
18858;"Holy Lands";NA;FALSE;"Drame";"France";29734;320
18864;"Hors normes";NA;FALSE;"Comédie";"France";2090138;20
19764;"Housefull 4";NA;FALSE;"Comédie";"Inde";2573;377
19200;"Ibiza";NA;FALSE;"Comédie";"France";629425;82
19599;"Inséparables (2019)";NA;FALSE;"Comédie";"France";1037582;49
19729;"Interview avec Dieu";"An Interview with God";FALSE;"Drame";"Etats-Unis";28117;327
19824;"It Must Be Heaven";NA;FALSE;"Comédie dramatique";"France";198319;163
18775;"J'accuse";NA;FALSE;"Drame";"France";1523522;33
19804;"J'ai perdu mon corps";NA;FALSE;"Animation";"France";157198;178
19601;"J'irai où tu iras";NA;FALSE;"Comédie";"France";448396;101
19174;"J'veux du soleil";NA;FALSE;"Documentaire";"France";185795;168
19587;"Je promets d'être sage";NA;FALSE;"Comédie dramatique";"France";93613;233
19564;"Jean Vanier, le sacrement de la tendresse";NA;FALSE;"Documentaire";"France";50073;289
19595;"Jeanne";NA;FALSE;"Drame";"France";40698;300
18107;"John Wick Parabellum";"John Wick: Chapter 3 - Parabellum";FALSE;"Aventure - Action";"Etats-Unis";841535;63
18661;"Joker";NA;FALSE;"Comicbook";"Etats-Unis";5590731;6
19581;"Joyeuse retraite !";NA;FALSE;"Comédie";"France";1250322;40
18258;"Jumanji: next level";"Jumanji: The Next Level";FALSE;"Aventure - Action";"Etats-Unis";3072647;11
18836;"Jusqu'ici tout va bien";NA;FALSE;"Comédie dramatique";"France";574039;89
18939;"Just a gigolo";NA;FALSE;"Comédie";"France";276765;134
19615;"Kabir Singh";NA;FALSE;"Aventure - Action";"Inde";2374;379
19320;"Kalank";NA;FALSE;"Drame";"Inde";3852;374
19223;"L'Adieu à la nuit";NA;FALSE;"Drame";"France";260959;139
18952;"L'Ange";"El Angel";FALSE;"Drame";"Argentine";25607;335
19633;"L'Angle Mort";NA;FALSE;"Drame";"France";10835;360
19445;"L'Autre continent";NA;FALSE;"Romance";"France";23507;343
18510;"L'Heure de la sortie";NA;FALSE;"Thriller";"France";66534;264
18841;"L'Incroyable aventure de Bella";"A Dog’s Way Home";FALSE;"Film familial";"Etats-Unis";20175;350
18761;"L'Incroyable histoire du Facteur Cheval";NA;FALSE;"Comédie dramatique";"France";757243;68
18962;"L'Intervention";NA;FALSE;"Aventure - Action";"France";61225;270
19603;"L'Intouchable, Harvey Weinstein";"Untouchable";FALSE;"Documentaire";"Royaume-Uni";33780;313
18684;"L'Oeuvre sans auteur";"Werk ohne Autor ";FALSE;"Drame";"Allemagne";141179;186
18823;"L'Ordre des médecins";NA;FALSE;"Drame";"France";88976;240
19407;"La Belle époque";NA;FALSE;"Comédie dramatique";"France";1241306;41
19076;"La Cabane aux oiseaux";NA;FALSE;"Animation";"France";51409;286
18894;"La Chute de l’Empire américain";"The Fall of the American Empire";FALSE;"Comédie dramatique";"Canada";189495;167
19135;"La Chute du président";"Angel has Fallen";FALSE;"Aventure - Action";"Etats-Unis";395839;108
19563;"La Cité de la peur (Rep. 2019)";NA;TRUE;"Comédie";"France";25199;339
19807;"La Cordillère des songes";"The Cordillera of Dreams";FALSE;"Documentaire";"Chili";55376;282
18835;"La Dernière folie de Claire Darling";NA;FALSE;"Comédie dramatique";"France";85051;242
19707;"La Fameuse invasion des ours en Sicile";NA;FALSE;"Animation";"France";233267;144
19286;"La Famille Addams (2019)";"The Addams Family (2019)";FALSE;"Animation 3D";"Etats-Unis";1161156;44
18508;"La Favorite";"The Favourite";FALSE;"Comédie dramatique";"Etats-Unis";484086;97
19498;"La Femme de mon frère";"La Femme de mon frère ";FALSE;"Comédie";"Canada";151172;182
19345;"La Flor";NA;FALSE;"Romance";"Argentine";34778;310
18362;"La Grande Aventure Lego 2";"The LEGO Movie 2";FALSE;"Animation 3D";"Etats-Unis";501024;95
19759;"La Grande cavale";"Marnies Welt ";FALSE;"Animation";"Allemagne";80907;249
18781;"La Liste de Schindler (Rep. 2019)";"Schindler's List (Rep. 2018)";TRUE;"Drame";"Etats-Unis";6530;366
19013;"La Lutte des classes";NA;FALSE;"Comédie";"France";445798;102
18977;"La Malédiction de la Dame blanche";"The Curse of La Llorona";FALSE;"Horreur";"Etats-Unis";805476;65
18634;"La Mule";"The Mule";FALSE;"Thriller";"Etats-Unis";1849004;26
19313;"La Petite fabrique de nuages";NA;FALSE;"Animation";"Mexique";51211;287
19343;"La Princesse des glaces, le monde des miroirs magiques";"Snezhnaya koroleva. Zazerkale ";FALSE;"Animation";"Russie";69347;257
17530;"La Reine des neiges 2";"Frozen II";FALSE;"Animation 3D";"Etats-Unis";7253987;2
20035;"La Sainte Famille";NA;FALSE;"Comédie dramatique";"France";40354;301
19503;"La Source (2019)";NA;FALSE;"Comédie";"France";67864;259
19718;"La Vérité (2019)";NA;FALSE;"Drame";"France";348888;117
18650;"La Vérité si je mens : les débuts";NA;FALSE;"Comédie";"France";193815;166
19953;"La Vie invisible d'Eurídice Gusmão";"A Vida Invisível de Eurídice Gusmão ";FALSE;"Drame";"Brésil";69047;258
19578;"La Vie scolaire";NA;FALSE;"Comédie dramatique";"France";1808920;27
17875;"La Voix du pardon";"I Can Only Imagine";FALSE;"Film familial";"Etats-Unis";28358;325
19689;"Last Christmas";NA;FALSE;"Romance";"Royaume-Uni";291294;132
19370;"Late Night";NA;FALSE;"Comédie dramatique";"Etats-Unis";116542;203
19937;"Le Bel Eté";NA;FALSE;"Drame";"France";4999;368
19449;"Le Chant de la forêt";"Chuva é Cantoria na Aldeia dos Mortos ";FALSE;"Drame";"Brésil";41731;299
18817;"Le Chant du loup";NA;FALSE;"Drame";"France";1546837;32
18831;"Le Chardonneret";"The Goldfinch";FALSE;"Drame";"Etats-Unis";36088;308
18924;"Le Château de Cagliostro";"Rupan sansei: Kariosutoro no shiro";FALSE;"Animation";"Japon";8870;363
19074;"Le Cochon, le renard et le moulin";"Pig: The Dam Keeper Poems";FALSE;"Animation";"Etats-Unis";26873;333
19015;"Le Coup du siècle (2019)";"The Hustle";FALSE;"Comédie";"Etats-Unis";353750;116
19925;"Le Cristal magique";"Latte Igel und der magische Wasserstein ";FALSE;"Animation";"Allemagne";276018;135
19285;"Le Daim";NA;FALSE;"Comédie";"France";213649;155
18873;"Le Dindon (2019)";NA;FALSE;"Comédie";"France";241530;143
19440;"Le Gangster, le flic & l'assassin";"Akinjeon ";FALSE;"Thriller";"Corée du Sud";89523;238
19406;"Le Jeune Ahmed";NA;FALSE;"Drame";"Belgique";152036;180
19858;"Le Lac aux oies sauvages";"The Wild Goose Lake";FALSE;"Thriller";"Chine";200454;160
19199;"Le Mans 66";"Ford v. Ferrari";FALSE;"Drame";"Etats-Unis";1136405;45
19700;"Le Meilleur reste à venir";NA;FALSE;"Comédie dramatique";"France";915578;57
19604;"Le Mystère des pingouins";"Penguin Highway";FALSE;"Animation";"Japon";51865;285
18899;"Le Mystère Henri Pick";NA;FALSE;"Comédie";"France";885342;59
18698;"Le Parc des merveilles";"Wonder Park";FALSE;"Animation 3D";"Etats-Unis";1412150;36
17528;"Le Roi Lion (2019)";"The Lion King (2019)";FALSE;"Aventure - Action";"Etats-Unis";9752589;1
19006;"Le Silence des autres";"El silencio de otros ";FALSE;"Documentaire";"Espagne";97847;230
19439;"Le Traître";"Il Traditore ";FALSE;"Drame";"Italie";354421;115
18614;"Le Vent de la liberté";"Ballon ";FALSE;"Thriller";"Allemagne";155306;179
19837;"Le Voyage dans la Lune";"Månelyst i Flåklypa ";FALSE;"Animation";"Norvège";60923;271
19500;"Le Voyage de Marta";"Staff Only";FALSE;"Comédie";"Espagne";6070;367
19950;"Le Voyage du Prince";NA;FALSE;"Animation";"France";89434;239
19467;"Les Baronnes";"The Kitchen";FALSE;"Aventure - Action";"Etats-Unis";79503;251
19354;"Les Crevettes pailletées";NA;FALSE;"Comédie";"France";577413;88
19783;"Les Éblouis";NA;FALSE;"Drame";"France";223011;148
19554;"Les Enfants de la mer";"Kaijû no kodomo ";FALSE;"Animation";"Japon";67132;260
19834;"Les Envoûtés";NA;FALSE;"Drame";"France";25482;338
18925;"Les Estivants";NA;FALSE;"Comédie dramatique";"France";123007;195
18579;"Les Eternels (Ash is purest white)";"Jiang Hu Er Nü ";FALSE;"Drame";"Chine";136766;188
18641;"Les Faussaires de Manhattan";"Can You Ever Forgive Me?";FALSE;"Drame";"Etats-Unis";103253;214
18834;"Les Fauves (2019)";NA;FALSE;"Thriller";"France";15354;357
19625;"Les Hirondelles de Kaboul";NA;FALSE;"Animation";"France";321180;125
18695;"Les Incognitos";"Spies In Disguise";FALSE;"Animation 3D";"Etats-Unis";930299;53
18901;"Les Invisibles (2019)";NA;FALSE;"Comédie";"France";1345290;38
19782;"Les Misérables (2019)";NA;FALSE;"Thriller";"France";1977511;23
19635;"Les Municipaux, trop c'est trop !";NA;FALSE;"Comédie";"France";233171;145
19218;"Les Oiseaux de passage";"Pájaros de verano ";FALSE;"Drame";"Colombie";96188;231
18935;"Les Petits flocons";NA;FALSE;"Comédie";"France";44502;296
19373;"Les Plus belles années d'une vie";NA;FALSE;"Comédie dramatique";"France";194179;165
19007;"Les Ritournelles de la Chouette";NA;FALSE;"Animation";"France";65537;265
19117;"Let’s Dance";NA;FALSE;"Comédie dramatique";"France";391707;109
19176;"Little";NA;FALSE;"Comédie";"Etats-Unis";2441;378
19827;"Little Joe";NA;FALSE;"Science Fiction";"Autriche";22838;345
19779;"Lola vers la mer";NA;FALSE;"Comédie dramatique";"Belgique";24851;341
19418;"Los Silencios";NA;FALSE;"Drame";"Colombie";27682;328
19758;"Loups tendres et loufoques";NA;FALSE;"Animation";"France";219954;150
19401;"Lourdes (2019)";NA;FALSE;"Documentaire";"France";216917;153
19490;"Lune de Miel";"Lemonade";FALSE;"Comédie dramatique";"Roumanie";34973;309
19312;"M";NA;FALSE;"Documentaire";"France";29407;321
19402;"Ma";NA;FALSE;"Thriller";"Etats-Unis";305593;128
19597;"Ma Famille et le Loup";NA;FALSE;"Film familial";"France";39187;305
18863;"Ma vie avec John F. Donovan";"The Death and Life of John F. Donovan";FALSE;"Drame";"Canada";338904;119
20083;"Made In Bangladesh";NA;FALSE;"Drame";"France";27638;329
19497;"Made in China";NA;FALSE;"Comédie";"France";263733;138
19344;"Mais vous êtes fous";NA;FALSE;"Drame";"France";101540;219
19073;"Maléfique : Le Pouvoir du Mal";"Maleficent: Mistress of Evil";FALSE;"Fantasy";"Etats-Unis";2637086;13
19528;"Manou à l'école des goélands";"Manou - flieg' flink! ";FALSE;"Animation";"Allemagne";89747;236
18833;"Marie Stuart, Reine d'Ecosse";"Mary Queen of Scots";FALSE;"Drame";"Etats-Unis";208561;157
19668;"Martin Eden";NA;FALSE;"Drame";"Italie";120268;201
19632;"Matthias & Maxime";NA;FALSE;"Drame";"Canada";180439;169
18818;"Men in Black: International";NA;FALSE;"Fantasy";"Etats-Unis";967040;51
19512;"Midsommar";NA;FALSE;"Horreur";"Etats-Unis";121390;199
19505;"Midway (2019)";NA;FALSE;"Guerre";"Etats-Unis";420596;103
18739;"Minuscule: Les Mandibules du Bout du Monde";NA;FALSE;"Animation 3D";"France";756332;69
19614;"Mission Mangal";NA;FALSE;"Drame";"Inde";895;385
18931;"Mon Bébé";NA;FALSE;"Comédie dramatique";"France";602812;84
19637;"Mon chien Stupide";NA;FALSE;"Comédie";"France";501205;94
19560;"Mon frère";NA;FALSE;"Drame";"France";100271;225
19172;"Mon inconnue";NA;FALSE;"Comédie";"France";559126;91
18974;"Monsieur Link";"Missing Link";FALSE;"Animation 3D";"Etats-Unis";100738;222
19567;"Music of my life";"Blinded By the Light";FALSE;"Comédie dramatique";"Royaume-Uni";60628;273
18660;"My Beautiful Boy";"Beautiful Boy";FALSE;"Drame";"Etats-Unis";71372;256
19017;"Nevada";NA;FALSE;"Drame";"France";174181;174
19399;"Never Grow Old";NA;FALSE;"Western";"Irlande";21877;346
19201;"Ni une, ni deux";NA;FALSE;"Comédie";"France";78591;253
18331;"Nicky Larson et le parfum de Cupidon";NA;FALSE;"Aventure - Action";"France";1684404;30
19948;"Notre dame";NA;FALSE;"Comédie dramatique";"France";221483;149
19133;"Noureev";"The White Crow";FALSE;"Drame";"Royaume-Uni";172012;175
18875;"Nous finirons ensemble";NA;FALSE;"Comédie dramatique";"France";2792885;12
18734;"Nuits magiques";"Notti magiche";FALSE;"Comédie dramatique";"Italie";4497;371
18224;"Once Upon a Time in Hollywood";NA;FALSE;"Thriller";"Etats-Unis";2633185;14
19744;"Papicha";NA;FALSE;"Drame";"France";259141;140
19001;"Paradise Beach";NA;FALSE;"Thriller";"France";36366;307
19435;"Parasite (2019)";"Gisaengchung ";FALSE;"Comédie dramatique";"Corée du Sud";1724417;29
19462;"Passion (2019)";"Passhon";FALSE;"Drame";"Japon";28161;326
19838;"Pat et Mat en hiver";NA;FALSE;"Animation";"Rép. Tchèque";99283;228
19514;"Perdrix";NA;FALSE;"Comédie";"France";143672;184
19501;"Persona non grata";NA;FALSE;"Thriller";"France";49509;291
18953;"Petta";NA;FALSE;"Aventure - Action";"Inde";15481;356
18987;"Piranhas (2019)";"La paranza dei bambini ";FALSE;"Drame";"Italie";39007;306
19949;"Pirouette et le sapin de Noël";NA;FALSE;"Animation";"France";107473;213
19805;"Place des Victoires";NA;FALSE;"Comédie dramatique";"France";62610;269
19372;"Playmobil, Le Film";"PLAYMOBIL: The Movie";FALSE;"Animation 3D";"Etats-Unis";362695;114
18749;"Pokémon Détective Pikachu";"Pokemon Detective Pikachu";FALSE;"Aventure - Action";"Etats-Unis";1682046;31
19436;"Portrait de la jeune fille en feu";NA;FALSE;"Drame";"France";297780;131
18807;"Pour les soldats tombés";"They Shall Not Grow Old";FALSE;"Documentaire";"Nouvelle-Zélande";30653;317
19760;"Pour Sama";"For Sama";FALSE;"Documentaire";"Royaume-Uni";103252;215
19525;"Premier de la classe";NA;FALSE;"Comédie";"France";397855;107
18789;"Premières Vacances";NA;FALSE;"Comédie";"France";304560;129
19688;"Promare";NA;FALSE;"Animation";"Japon";16084;355
19622;"Proxima";NA;FALSE;"Drame";"France";99188;229
18084;"Qu'est-ce qu'on a encore fait au Bon Dieu ?";NA;FALSE;"Comédie";"France";6711618;4
19466;"Quand on crie au loup";NA;FALSE;"Comédie";"France";29838;318
19631;"Queens";"Hustlers";FALSE;"Drame";"Etats-Unis";278427;133
18911;"Qui a tué Lady Winsley ?";"Who Killed Lady Winsley?";FALSE;"Comédie";"Turquie";50283;288
19009;"Qui m'aime me suive!";NA;FALSE;"Comédie dramatique";"France";199662;162
17731;"Ralph 2.0 ";"Ralph Breaks the Internet: Wreck-It Ralph 2";FALSE;"Animation 3D";"Etats-Unis";2339992;18
18638;"Rambo: Last Blood";NA;FALSE;"Aventure - Action";"Etats-Unis";598353;85
19014;"Raoul Taburin";NA;FALSE;"Comédie";"France";177538;172
18932;"Rebelles";NA;FALSE;"Comédie";"France";925503;54
19806;"Recep Ivedik 6";NA;FALSE;"Comédie";"Turquie";501;388
18872;"Rendez-vous Chez Les Malawas";NA;FALSE;"Comédie";"France";611971;83
18830;"Retour à Zombieland";"Zombieland 2: Double Tap";FALSE;"Aventure - Action";"Etats-Unis";582068;87
18978;"Retour de flamme";"El Amor menos pensado ";FALSE;"Romance";"Argentine";47226;294
18750;"Rocketman";NA;FALSE;"Musical";"Etats-Unis";744358;70
19562;"Rojo";NA;FALSE;"Thriller";"Argentine";40096;303
19529;"Roubaix, une lumière";NA;FALSE;"Thriller";"France";380836;110
19463;"Roxane";NA;FALSE;"Comédie";"France";314437;127
19002;"Royal Corgi";"The Queen's Corgi";FALSE;"Animation 3D";"Belgique";859633;60
18699;"Sang froid";"Cold Pursuit";FALSE;"Thriller";"Royaume-Uni";329378;122
18837;"Santiago, Italia";NA;FALSE;"Documentaire";"Italie";67095;261
19540;"Scary Stories";"Scary Stories to Tell in the Dark";FALSE;"Horreur";"Etats-Unis";211107;156
19019;"Séduis-moi si tu peux !";"Long Shot";FALSE;"Comédie";"Etats-Unis";195447;164
19825;"Seules Les Bêtes";NA;FALSE;"Thriller";"France";108950;211
18816;"Shaun le Mouton Le Film : La Ferme Contre-Attaque";"A Shaun the Sheep Movie: Farmageddon";FALSE;"Animation";"Royaume-Uni";731218;72
18753;"Shazam!";NA;FALSE;"Comicbook";"Etats-Unis";1075884;46
18843;"Si Beale Street pouvait parler";"If Beale Street Could Talk";FALSE;"Drame";"Etats-Unis";110991;210
19075;"Sibel";NA;FALSE;"Drame";"Allemagne";102333;218
19377;"Sibyl";NA;FALSE;"Comédie dramatique";"France";340433;118
18649;"Simetierre (2019)";"Pet Sematary (2019)";FALSE;"Horreur";"Etats-Unis";850945;62
19120;"So Long, My Son";NA;FALSE;"Drame";"Chine";149610;183
19706;"Sœurs d'armes";NA;FALSE;"Aventure - Action";"France";84778;243
18292;"Sorry to Bother You";NA;FALSE;"Comédie";"Etats-Unis";25553;337
19634;"Sorry We Missed You";NA;FALSE;"Drame";"Royaume-Uni";479353;98
18243;"Spider-Man: Far from Home";NA;FALSE;"Comicbook";"Etats-Unis";3226105;10
18764;"Stan & Ollie";NA;FALSE;"Comédie dramatique";"Etats-Unis";34282;311
17224;"Star Wars: L'Ascension de Skywalker";"Star Wars: The Rise of Skywalker";FALSE;"Fantasy";"Etats-Unis";5729061;5
17942;"Stubby";"Sgt. Stubby: An American Hero";FALSE;"Animation 3D";"Etats-Unis";63503;268
19416;"Student of the Year 2";NA;FALSE;"Comédie";"Inde";497;389
19121;"Sunset";"Napszállta ";FALSE;"Drame";"Hongrie";41875;298
19561;"Super 30";NA;FALSE;"Aventure - Action";"Inde";682;387
19115;"Synonymes";NA;FALSE;"Drame";"France";48903;293
18821;"Tanguy, le retour";NA;FALSE;"Comédie";"France";1021278;50
19177;"Teen Spirit";NA;FALSE;"Drame";"Etats-Unis";27236;330
19186;"Tel Aviv On Fire";NA;FALSE;"Comédie";"Luxembourg";112225;207
19784;"Terminal Sud";NA;FALSE;"Drame";"France";3424;376
18637;"Terminator: Dark Fate";NA;FALSE;"Science Fiction";"Etats-Unis";918126;56
19173;"Terra Willy - Planète inconnue";NA;FALSE;"Animation 3D";"France";120473;200
19531;"Thalasso";NA;FALSE;"Comédie dramatique";"France";88904;241
19951;"Thanatos, l’ultime passage";NA;FALSE;"Documentaire";"France";40194;302
19225;"The Dead Don't Die";NA;FALSE;"Comédie";"Etats-Unis";333032;121
18692;"The Front Runner";NA;FALSE;"Drame";"Etats-Unis";13229;359
18645;"The Hate U Give – La Haine qu’on donne";"The Hate U Give";FALSE;"Thriller";"Etats-Unis";207574;158
19671;"The Lighthouse";NA;FALSE;"Thriller";"Etats-Unis";71809;255
19457;"The Mountain : une odyssée américaine";"The Mountain";FALSE;"Drame";"Etats-Unis";1540;383
19502;"The Operative";NA;FALSE;"Thriller";"Allemagne";161947;177
17615;"The Place";NA;FALSE;"Comédie dramatique";"Italie";4726;370
19355;"Tolkien";NA;FALSE;"Drame";"Etats-Unis";121725;198
18995;"Total Dhamaal";NA;FALSE;"Comédie";"Inde";1576;382
18973;"Tout ce qu'il me reste de la révolution";NA;FALSE;"Comédie";"France";99487;227
19470;"Tout est possible";"Biggest Little Farm";FALSE;"Documentaire";"Etats-Unis";44716;295
19781;"Toute ressemblance...";NA;FALSE;"Comédie dramatique";"France";108155;212
15289;"Toy Story 4";NA;FALSE;"Animation 3D";"Etats-Unis";4454443;7
19596;"Trois jours et une vie";NA;FALSE;"Drame";"France";99517;226
19678;"Tu mérites un amour";NA;FALSE;"Comédie dramatique";"France";58924;278
19318;"UglyDolls";"Uglydolls";FALSE;"Animation 3D";"Etats-Unis";57179;280
18822;"Un beau voyou";NA;FALSE;"Comédie";"France";57956;279
18893;"Un Grand voyage vers la nuit";"Di qiu zui hou de ye wan ";FALSE;"Drame";"Chine";20684;347
19468;"Un jour de pluie à New York";"A Rainy Day in New York";FALSE;"Comédie dramatique";"Etats-Unis";585166;86
19636;"Un monde plus grand";NA;FALSE;"Drame";"France";297909;130
19750;"Un petit air de famille";NA;FALSE;"Animation";"France";50049;290
19224;"Un Tramway à Jérusalem";"A Tramway in Jerusalem";FALSE;"Comédie dramatique";"Israël";23420;344
17572;"Undercover - Une histoire vraie";"White Boy Rick";FALSE;"Thriller";"Etats-Unis";83379;246
18721;"Une femme d'exception";"On the Basis of Sex";FALSE;"Drame";"Etats-Unis";91175;235
19593;"Une fille facile";NA;FALSE;"Comédie dramatique";"France";83583;245
19569;"Une Grande fille";"Dylda ";FALSE;"Drame";"Russie";79049;252
18928;"Une intime conviction";NA;FALSE;"Drame";"France";402470;106
18814;"Une jeunesse dorée";NA;FALSE;"Drame";"France";10452;361
19480;"Une part d'ombre";"Une part d'ombre ";FALSE;"Thriller";"Belgique";25112;340
19742;"Une vie cachée";"A Hidden Life";FALSE;"Drame";"Etats-Unis";202799;159
18839;"Us";NA;FALSE;"Thriller";"Etats-Unis";702985;75
19018;"Venise n'est pas en Italie";NA;FALSE;"Comédie";"France";515227;93
19947;"Vic le Viking";"Wickie und die starken Männer - Das magische Schwert ";FALSE;"Animation 3D";"Allemagne";267500;137
18747;"Vice";NA;FALSE;"Drame";"Etats-Unis";319085;126
19315;"Victor et Célia";NA;FALSE;"Comédie";"France";100312;224
19553;"Vita & Virginia";NA;FALSE;"Drame";"Royaume-Uni";63833;267
19469;"Vous êtes jeunes, vous êtes beaux";NA;FALSE;"Drame";"France";4986;369
19089;"Walter";NA;FALSE;"Comédie";"France";375010;112
19713;"War (2019)";NA;FALSE;"Aventure - Action";"Inde";3914;373
19515;"Wedding Nightmare";"Ready or Not";FALSE;"Horreur";"Etats-Unis";473134;99
19552;"Wild Rose";NA;FALSE;"Musical";"Royaume-Uni";92783;234
19555;"Wonderland, le royaume sans pluie";"Birthday Wonderland";FALSE;"Animation";"Japon";81316;248
17531;"X-Men: Dark Phoenix";NA;FALSE;"Comicbook";"Etats-Unis";1403901;37
18819;"YAO";NA;FALSE;"Comédie dramatique";"France";408689;105
19438;"Yesterday";NA;FALSE;"Comédie";"Royaume-Uni";678617;79
19082;"Yuli";NA;FALSE;"Comédie dramatique";"Espagne";131650;190
19506;"Yves";NA;FALSE;"Comédie";"France";60154;276
19836;"Zébulon, le dragon";NA;FALSE;"Animation";"Royaume-Uni";103247;216
20085;"Zibilla ou la vie zébrée";NA;FALSE;"Animation";"France";27161;331
19489;"Zombi Child";NA;FALSE;"Drame";"France";28911;324
